<?xml version='1.0' encoding='UTF-8'?>
<flow-definition plugin="workflow-job@2.17">
  <actions>
    <org.jenkinsci.plugins.pipeline.modeldefinition.actions.DeclarativeJobAction plugin="pipeline-model-definition@1.2.7"/>
    <org.jenkinsci.plugins.pipeline.modeldefinition.actions.DeclarativeJobPropertyTrackerAction plugin="pipeline-model-definition@1.2.7">
      <jobProperties/>
      <triggers/>
      <parameters/>
    </org.jenkinsci.plugins.pipeline.modeldefinition.actions.DeclarativeJobPropertyTrackerAction>
  </actions>
  <description>permite llevar una rama de release a pre</description>
  <keepDependencies>false</keepDependencies>
  <properties>
    <hudson.model.ParametersDefinitionProperty>
      <parameterDefinitions>
        <net.uaznia.lukanus.hudson.plugins.gitparameter.GitParameterDefinition plugin="git-parameter@0.9.1">
          <name>VERSION</name>
          <description>Release / hotfix para promocionar</description>
          <uuid>e1dee764-a894-4629-bd58-068a005df71f</uuid>
          <type>PT_BRANCH</type>
          <branch></branch>
          <tagFilter>*</tagFilter>
          <branchFilter>(.*/release/.*|.*/hotfix/.*)</branchFilter>
          <sortMode>NONE</sortMode>
          <defaultValue></defaultValue>
          <selectedValue>NONE</selectedValue>
          <quickFilterEnabled>false</quickFilterEnabled>
        </net.uaznia.lukanus.hudson.plugins.gitparameter.GitParameterDefinition>
      </parameterDefinitions>
    </hudson.model.ParametersDefinitionProperty>
    <org.jenkinsci.plugins.workflow.job.properties.DisableConcurrentBuildsJobProperty/>
    <hudson.plugins.throttleconcurrents.ThrottleJobProperty plugin="throttle-concurrents@2.0.1">
      <maxConcurrentPerNode>0</maxConcurrentPerNode>
      <maxConcurrentTotal>0</maxConcurrentTotal>
      <categories class="java.util.concurrent.CopyOnWriteArrayList">
        <string>mephmicro_tasks</string>
      </categories>
      <throttleEnabled>true</throttleEnabled>
      <throttleOption>project</throttleOption>
      <limitOneJobWithMatchingParams>true</limitOneJobWithMatchingParams>
      <paramsToUseForLimit></paramsToUseForLimit>
    </hudson.plugins.throttleconcurrents.ThrottleJobProperty>
  </properties>
  <definition class="org.jenkinsci.plugins.workflow.cps.CpsScmFlowDefinition" plugin="workflow-cps@2.44">
    <scm class="hudson.plugins.git.GitSCM" plugin="git@3.7.0">
      <configVersion>2</configVersion>
      <userRemoteConfigs>
        <hudson.plugins.git.UserRemoteConfig>
          <url>https://<url_repo_git></url>
          <credentialsId>jenkins_admin</credentialsId>
        </hudson.plugins.git.UserRemoteConfig>
      </userRemoteConfigs>
      <branches>
        <hudson.plugins.git.BranchSpec>
          <name>${VERSION}</name>
        </hudson.plugins.git.BranchSpec>
      </branches>
      <doGenerateSubmoduleConfigurations>false</doGenerateSubmoduleConfigurations>
      <submoduleCfg class="list"/>
      <extensions>
        <hudson.plugins.git.extensions.impl.CleanBeforeCheckout/>
      </extensions>
    </scm>
    <scriptPath>Jenkinsfile</scriptPath>
    <lightweight>false</lightweight>
  </definition>
  <triggers/>
  <disabled>false</disabled>
</flow-definition>