<?xml version='1.0' encoding='UTF-8'?>
<flow-definition plugin="workflow-job@2.17">
  <actions>
    <org.jenkinsci.plugins.pipeline.modeldefinition.actions.DeclarativeJobAction plugin="pipeline-model-definition@1.2.7"/>
    <org.jenkinsci.plugins.pipeline.modeldefinition.actions.DeclarativeJobPropertyTrackerAction plugin="pipeline-model-definition@1.2.7">
      <jobProperties/>
      <triggers/>
      <parameters/>
    </org.jenkinsci.plugins.pipeline.modeldefinition.actions.DeclarativeJobPropertyTrackerAction>
  </actions>
  <description>Pipeline de validación de la rama de integración.</description>
  <keepDependencies>false</keepDependencies>
  <properties>
    <org.jenkinsci.plugins.workflow.job.properties.PipelineTriggersJobProperty>
      <triggers>
        <hudson.triggers.SCMTrigger>
          <spec></spec>
          <ignorePostCommitHooks>false</ignorePostCommitHooks>
        </hudson.triggers.SCMTrigger>
      </triggers>
    </org.jenkinsci.plugins.workflow.job.properties.PipelineTriggersJobProperty>
    <org.jenkinsci.plugins.workflow.job.properties.DisableConcurrentBuildsJobProperty/>
    <hudson.plugins.throttleconcurrents.ThrottleJobProperty plugin="throttle-concurrents@2.0.1">
      <maxConcurrentPerNode>0</maxConcurrentPerNode>
      <maxConcurrentTotal>0</maxConcurrentTotal>
      <categories class="java.util.concurrent.CopyOnWriteArrayList">
        <string>dummy_service_tasks</string>
      </categories>
      <throttleEnabled>true</throttleEnabled>
      <throttleOption>category</throttleOption>
      <limitOneJobWithMatchingParams>true</limitOneJobWithMatchingParams>
      <paramsToUseForLimit></paramsToUseForLimit>
    </hudson.plugins.throttleconcurrents.ThrottleJobProperty>
  </properties>
  <definition class="org.jenkinsci.plugins.workflow.cps.CpsScmFlowDefinition" plugin="workflow-cps@2.44">
    <scm class="hudson.plugins.git.GitSCM" plugin="git@3.7.0">
      <configVersion>2</configVersion>
      <userRemoteConfigs>
        <hudson.plugins.git.UserRemoteConfig>
          <url>https://=jira.mangodev.net/stash/scm/sb/mngpatilleditor.git</url>
          <credentialsId>jenkins_admin</credentialsId>
        </hudson.plugins.git.UserRemoteConfig>
      </userRemoteConfigs>
      <branches>
        <hudson.plugins.git.BranchSpec>
          <name>*/release/*</name>
        </hudson.plugins.git.BranchSpec>
      </branches>
      <doGenerateSubmoduleConfigurations>false</doGenerateSubmoduleConfigurations>
      <submoduleCfg class="list"/>
      <extensions>
        <hudson.plugins.git.extensions.impl.CleanBeforeCheckout/>
      </extensions>
    </scm>
    <scriptPath>Jenkinsfile</scriptPath>
    <lightweight>true</lightweight>
  </definition>
  <triggers/>
  <authToken>token_dummy_service_ci</authToken>
  <disabled>false</disabled>
</flow-definition>
