<?xml version='1.0' encoding='UTF-8'?>
<project>
  <actions/>
  <description></description>
  <keepDependencies>false</keepDependencies>
  <properties>
    <org.jenkinsci.plugins.mavenrepocleaner.MavenRepoCleanerProperty plugin="maven-repo-cleaner@1.2">
      <notOnThisProject>false</notOnThisProject>
    </org.jenkinsci.plugins.mavenrepocleaner.MavenRepoCleanerProperty>
    <hudson.model.ParametersDefinitionProperty>
      <parameterDefinitions>
        <net.uaznia.lukanus.hudson.plugins.gitparameter.GitParameterDefinition plugin="git-parameter@0.9.1">
          <name>PROMOTE_BRANCH</name>
          <description>Version a cerrar y desplegar</description>
          <uuid>48b4b4a1-fc84-4390-bf87-8fd36454ad47</uuid>
          <type>PT_TAG</type>
          <branch></branch>
          <tagFilter>*</tagFilter>
          <branchFilter>.*</branchFilter>
          <sortMode>DESCENDING_SMART</sortMode>
          <defaultValue></defaultValue>
          <selectedValue>NONE</selectedValue>
          <quickFilterEnabled>false</quickFilterEnabled>
        </net.uaznia.lukanus.hudson.plugins.gitparameter.GitParameterDefinition>
      </parameterDefinitions>
    </hudson.model.ParametersDefinitionProperty>
    <hudson.plugins.throttleconcurrents.ThrottleJobProperty plugin="throttle-concurrents@2.0.1">
      <maxConcurrentPerNode>0</maxConcurrentPerNode>
      <maxConcurrentTotal>0</maxConcurrentTotal>
      <categories class="java.util.concurrent.CopyOnWriteArrayList"/>
      <throttleEnabled>false</throttleEnabled>
      <throttleOption>project</throttleOption>
      <limitOneJobWithMatchingParams>false</limitOneJobWithMatchingParams>
      <paramsToUseForLimit></paramsToUseForLimit>
    </hudson.plugins.throttleconcurrents.ThrottleJobProperty>
  </properties>
  <scm class="hudson.plugins.git.GitSCM" plugin="git@3.7.0">
    <configVersion>2</configVersion>
    <userRemoteConfigs>
      <hudson.plugins.git.UserRemoteConfig>
        <url>https://=jira.mangodev.net/stash/scm/sb/mngpatilleditor.git</url>
      </hudson.plugins.git.UserRemoteConfig>
    </userRemoteConfigs>
    <branches>
      <hudson.plugins.git.BranchSpec>
        <name>tags/${PROMOTE_BRANCH}</name>
      </hudson.plugins.git.BranchSpec>
    </branches>
    <doGenerateSubmoduleConfigurations>false</doGenerateSubmoduleConfigurations>
    <browser class="hudson.plugins.git.browser.BitbucketWeb">
      <url>https://=com.meph0</url>
    </browser>
    <submoduleCfg class="list"/>
    <extensions/>
  </scm>
  <canRoam>true</canRoam>
  <disabled>false</disabled>
  <blockBuildWhenDownstreamBuilding>false</blockBuildWhenDownstreamBuilding>
  <blockBuildWhenUpstreamBuilding>false</blockBuildWhenUpstreamBuilding>
  <triggers/>
  <concurrentBuild>false</concurrentBuild>
  <builders>
    <hudson.tasks.Shell>
      <command>cd build_pipeline
export PATH=$PATH:$M3_HOME/bin
echo &quot;usuario sysops $CICD_USER&quot;
./05_promote_from_pre_to_pro.sh -f jenkins</command>
    </hudson.tasks.Shell>
    <hudson.tasks.Shell>
      <command>cd build_pipeline
export PATH=$PATH:$M3_HOME/bin
. ./environment_scripts/opt_jenkins.sh
./06_smoke_test_environmet.sh  -f jenkins -e pro </command>
    </hudson.tasks.Shell>
  </builders>
  <publishers/>
  <buildWrappers>
    <hudson.plugins.ws__cleanup.PreBuildCleanup plugin="ws-cleanup@0.34">
      <deleteDirs>false</deleteDirs>
      <cleanupParameter></cleanupParameter>
      <externalDelete></externalDelete>
    </hudson.plugins.ws__cleanup.PreBuildCleanup>
    <com.michelin.cio.hudson.plugins.maskpasswords.MaskPasswordsBuildWrapper/>
    <org.jenkinsci.plugins.credentialsbinding.impl.SecretBuildWrapper plugin="credentials-binding@1.14">
      <bindings>
        <org.jenkinsci.plugins.credentialsbinding.impl.UsernamePasswordMultiBinding>
          <credentialsId>user_cicd</credentialsId>
          <usernameVariable>CICD_USER</usernameVariable>
          <passwordVariable>CICD_PASS</passwordVariable>
        </org.jenkinsci.plugins.credentialsbinding.impl.UsernamePasswordMultiBinding>
      </bindings>
    </org.jenkinsci.plugins.credentialsbinding.impl.SecretBuildWrapper>
  </buildWrappers>
</project>
